"Tournament","Date","Surface","Round","Player_1","Player_2","Winner","Rank_1","Rank_2","Score"
"Rabat","2026-05-21","Clay","Quarterfinals","Kalinina A.","Bondar A.","Kalinina A.","84.0","58.0","6-4 7-5"
"Rabat","2026-05-21","Clay","Quarterfinals","Teichmann J.","Kabbaj Y.","Teichmann J.","207.0","334.0","6-1 5-7 7-6(6)"
"Rabat","2026-05-21","Clay","Quarterfinals","Bouzas Maneiro J.","Marcinko P.","Marcinko P.","51.0","76.0","6-3 6-4"
"Rabat","2026-05-21","Clay","Quarterfinals","Osorio C.","Udvardy P.","Udvardy P.","77.0","68.0","7-5 6-3"
"Strasbourg","2026-05-21","Clay","Quarterfinals","Navarro E.","Zhang S.","Navarro E.","39.0","74.0","2-6 7-6(5) 6-2"
"Strasbourg","2026-05-21","Clay","Quarterfinals","Cristian J.","Kasatkina D.","Cristian J.","33.0","62.0","7-6(3) 3-6 6-2"
"Strasbourg","2026-05-21","Clay","Quarterfinals","Li A.","Bouzkova M.","Li A.","30.0","27.0","6-3 7-5"
"Strasbourg","2026-05-21","Clay","Quarterfinals","Mboko V.","Fernandez L.","Mboko V.","9.0","24.0","6-4 6-4"
"Strasbourg","2026-05-20","Clay","2nd Round","Cristian J.","Tauson C.","Cristian J.","33.0","21.0","6-1 7-5"
"Strasbourg","2026-05-20","Clay","2nd Round","Zhang S.","Parry D.","Zhang S.","74.0","94.0","6-2 7-5"
"Strasbourg","2026-05-20","Clay","2nd Round","Navarro E.","Jovic I.","Navarro E.","39.0","17.0","6-4 4-6 6-1"
"Strasbourg","2026-05-20","Clay","2nd Round","Bouzkova M.","Oliynykova O.","Bouzkova M.","27.0","66.0","3-1"
"Rabat","2026-05-20","Clay","2nd Round","Kalinina A.","Starodubtseva Y.","Kalinina A.","84.0","54.0","6-3 7-6(3)"
"Rabat","2026-05-20","Clay","2nd Round","Maria T.","Kabbaj Y.","Kabbaj Y.","52.0","334.0","6-2 6-4"
"Rabat","2026-05-20","Clay","2nd Round","Udvardy P.","Nahimana S.","Udvardy P.","68.0","231.0","6-4 6-1"
"Rabat","2026-05-20","Clay","2nd Round","Arango E.","Bondar A.","Bondar A.","98.0","58.0","7-6(6) 1-6 6-0"
"Rabat","2026-05-20","Clay","2nd Round","Marcinko P.","Kotliar Y.","Marcinko P.","76.0","483.0","5-7 6-2 7-6(1)"
"Rabat","2026-05-20","Clay","2nd Round","Osorio C.","Tjen J.","Osorio C.","77.0","41.0","6-3 3-6 6-0"
"Rabat","2026-05-20","Clay","2nd Round","Parks A.","Teichmann J.","Teichmann J.","80.0","207.0","6-3 6-4"
"Rabat","2026-05-20","Clay","2nd Round","Bouzas Maneiro J.","Ferro F.","Bouzas Maneiro J.","51.0","200.0","2-6 7-6(2) 6-3"
"Strasbourg","2026-05-19","Clay","2nd Round","Kasatkina D.","Stearns P.","Kasatkina D.","62.0","92.0","6-1 6-3"
"Strasbourg","2026-05-19","Clay","2nd Round","Alexandrova E.","Li A.","Li A.","14.0","30.0","4-6 6-4 6-3"
"Strasbourg","2026-05-19","Clay","2nd Round","Fernandez L.","Frech M.","Fernandez L.","24.0","49.0","6-4 3-6 6-4"
"Strasbourg","2026-05-19","Clay","2nd Round","Mboko V.","Boisson L.","Mboko V.","9.0","50.0","6-4 6-3"
"Strasbourg","2026-05-19","Clay","1st Round","Bucsa C.","Zhang S.","Zhang S.","31.0","74.0","2-6 7-6(7) 7-5"
"Strasbourg","2026-05-19","Clay","1st Round","Raducanu E.","Parry D.","Parry D.","37.0","94.0","6-4 7-6(4)"
"Rabat","2026-05-19","Clay","1st Round","Arango E.","Seidel E.","Arango E.","98.0","97.0","6-3 4-6 6-1"
"Rabat","2026-05-19","Clay","1st Round","Maria T.","El Jardi D.","Maria T.","52.0","","6-2 6-4"
"Rabat","2026-05-19","Clay","1st Round","Osorio C.","Martincova T.","Osorio C.","77.0","250.0","6-0 6-4"
"Rabat","2026-05-19","Clay","1st Round","Cengiz B.","Kabbaj Y.","Kabbaj Y.","429.0","334.0","7-6(4) 6-3"
"Rabat","2026-05-19","Clay","1st Round","Tjen J.","Hennemann C.","Tjen J.","41.0","292.0","6-1 7-5"
"Rabat","2026-05-19","Clay","1st Round","Bouzas Maneiro J.","Zaar L.","Bouzas Maneiro J.","51.0","335.0","6-0 7-5"
"Rabat","2026-05-19","Clay","1st Round","Starodubtseva Y.","Fita Boluda A.","Starodubtseva Y.","54.0","192.0","6-4 6-2"
"Rabat","2026-05-19","Clay","1st Round","Nahimana S.","Tomljanovic A.","Nahimana S.","231.0","90.0","6-3 7-5"
"Rabat","2026-05-19","Clay","1st Round","Jones F.","Kotliar Y.","Kotliar Y.","105.0","483.0","2-6 6-3 6-4"
"Rabat","2026-05-18","Clay","1st Round","Bondar A.","Hercog P.","Bondar A.","58.0","217.0","1-1"
"Rabat","2026-05-18","Clay","1st Round","Ferro F.","Kovinic D.","Ferro F.","200.0","409.0","6-2 6-3"
"Rabat","2026-05-18","Clay","1st Round","Parks A.","Uchijima M.","Parks A.","80.0","110.0","6-2 6-4"
"Rabat","2026-05-18","Clay","1st Round","Marcinko P.","Zvonareva V.","Marcinko P.","76.0","326.0","6-2 6-4"
"Rabat","2026-05-18","Clay","1st Round","Teichmann J.","Grabher J.","Teichmann J.","207.0","123.0","6-4 7-6(5)"
"Rabat","2026-05-18","Clay","1st Round","Udvardy P.","Vandewinkel H.","Udvardy P.","68.0","102.0","6-4 6-2"
"Rabat","2026-05-18","Clay","1st Round","Kalinina A.","Waltert S.","Kalinina A.","84.0","93.0","6-3 6-4"
"Strasbourg","2026-05-18","Clay","1st Round","Kessler M.","Cristian J.","Cristian J.","47.0","33.0","6-1 6-1"
"Strasbourg","2026-05-18","Clay","1st Round","Bouzkova M.","Siniakova K.","Bouzkova M.","27.0","36.0","7-6(3) 6-3"
"Strasbourg","2026-05-18","Clay","1st Round","Eala A.","Oliynykova O.","Oliynykova O.","38.0","66.0","3-6 7-5 6-3"
"Strasbourg","2026-05-18","Clay","1st Round","Samsonova L.","Kasatkina D.","Kasatkina D.","20.0","62.0","7-5 6-3"
"Strasbourg","2026-05-18","Clay","1st Round","Gibson T.","Frech M.","Frech M.","55.0","49.0","7-6(0) 6-3"
"Strasbourg","2026-05-17","Clay","1st Round","Fernandez L.","Jeanjean L.","Fernandez L.","23.0","127.0","6-1 7-5"
"Strasbourg","2026-05-17","Clay","1st Round","Navarro E.","Bejlek S.","Navarro E.","35.0","37.0","6-1 6-4"
"Strasbourg","2026-05-17","Clay","1st Round","Wang X.","Boisson L.","Boisson L.","33.0","43.0","6-3 7-6(4)"
"Strasbourg","2026-05-17","Clay","1st Round","Joint M.","Li A.","Li A.","34.0","29.0","6-1 6-2"
"Strasbourg","2026-05-17","Clay","1st Round","Sakkari M.","Stearns P.","Stearns P.","47.0","49.0","6-3 6-1"
"Rome","2026-05-16","Clay","The Final","Gauff C.","Svitolina E.","Svitolina E.","4.0","10.0","6-4 6-7(3) 6-2"
"Rome","2026-05-14","Clay","Semifinals","Swiatek I.","Svitolina E.","Svitolina E.","3.0","10.0","6-4 2-6 6-2"
"Rome","2026-05-14","Clay","Semifinals","Cirstea S.","Gauff C.","Gauff C.","27.0","4.0","6-4 6-3"
"Rome","2026-05-13","Clay","Quarterfinals","Rybakina E.","Svitolina E.","Svitolina E.","2.0","10.0","2-6 6-4 6-4"
"Rome","2026-05-13","Clay","Quarterfinals","Swiatek I.","Pegula J.","Swiatek I.","3.0","5.0","6-1 6-2"
"Rome","2026-05-12","Clay","Quarterfinals","Gauff C.","Andreeva M.","Gauff C.","4.0","7.0","4-6 6-2 6-4"
"Rome","2026-05-12","Clay","Quarterfinals","Ostapenko J.","Cirstea S.","Cirstea S.","36.0","27.0","6-1 7-6(0)"
"Rome","2026-05-11","Clay","3rd Round","Pegula J.","Potapova A.","Pegula J.","5.0","38.0","7-6(6) 6-2"
"Rome","2026-05-11","Clay","3rd Round","Rybakina E.","Pliskova K.","Rybakina E.","2.0","130.0","6-0 6-2"
"Rome","2026-05-11","Clay","3rd Round","Andreeva M.","Mertens E.","Andreeva M.","7.0","22.0","6-3 6-3"
"Rome","2026-05-11","Clay","3rd Round","Swiatek I.","Osaka N.","Swiatek I.","3.0","16.0","6-2 6-1"
"Rome","2026-05-11","Clay","3rd Round","Svitolina E.","Bartunkova N.","Svitolina E.","10.0","94.0","6-2 6-3"
"Rome","2026-05-11","Clay","3rd Round","Gauff C.","Jovic I.","Gauff C.","4.0","17.0","5-7 7-5 6-2"
"Rome","2026-05-11","Clay","3rd Round","Ostapenko J.","Kalinskaya A.","Ostapenko J.","36.0","24.0","6-1 6-2"
"Rome","2026-05-11","Clay","3rd Round","Cirstea S.","Noskova L.","Cirstea S.","27.0","13.0","6-2 6-4"
"Rome","2026-05-10","Clay","2nd Round","Samsonova L.","Potapova A.","Potapova A.","21.0","38.0","6-3 6-2"
"Rome","2026-05-10","Clay","2nd Round","Swiatek I.","Cocciaretto E.","Swiatek I.","3.0","41.0","6-1 6-0"
"Rome","2026-05-10","Clay","2nd Round","Shnaider D.","Osaka N.","Osaka N.","20.0","16.0","6-1 6-2"
"Rome","2026-05-10","Clay","2nd Round","Siegemund L.","Pliskova K.","Pliskova K.","46.0","130.0","6-1 6-4"
"Rome","2026-05-10","Clay","2nd Round","Rybakina E.","Eala A.","Rybakina E.","2.0","42.0","6-4 6-3"
"Rome","2026-05-10","Clay","2nd Round","Pegula J.","Masarova R.","Pegula J.","5.0","160.0","6-0 6-0"
"Rome","2026-05-10","Clay","2nd Round","Keys M.","Bartunkova N.","Bartunkova N.","19.0","94.0","6-3 1-6 6-4"
"Rome","2026-05-10","Clay","2nd Round","Svitolina E.","Baptiste H.","Svitolina E.","10.0","25.0","6-1 6-2"
"Rome","2026-05-09","Clay","2nd Round","Jovic I.","Townsend T.","Jovic I.","17.0","96.0","7-5 6-2"
"Rome","2026-05-09","Clay","2nd Round","Ostapenko J.","Zheng Q.","Ostapenko J.","36.0","32.0","4-6 6-4 6-4"
"Rome","2026-05-09","Clay","2nd Round","Sabalenka A.","Cirstea S.","Cirstea S.","1.0","27.0","2-6 6-3 7-5"
"Rome","2026-05-09","Clay","2nd Round","Noskova L.","Oliynykova O.","Noskova L.","13.0","68.0","6-1 6-3"
"Rome","2026-05-09","Clay","2nd Round","Andreeva M.","Golubic V.","Andreeva M.","7.0","90.0","6-1 4-6 6-0"
"Rome","2026-05-09","Clay","2nd Round","Bencic B.","Kalinskaya A.","Kalinskaya A.","12.0","24.0","6-4 6-3"
"Rome","2026-05-09","Clay","2nd Round","Paolini J.","Mertens E.","Mertens E.","8.0","22.0","4-6 7-6(5) 6-3"
"Rome","2026-05-09","Clay","2nd Round","Gauff C.","Sierra S.","Gauff C.","4.0","72.0","5-7 6-0 6-4"
"Rome","2026-05-08","Clay","1st Round","Svitolina E.","Basiletti N.","Svitolina E.","10.0","427.0","6-1 6-3"
"Rome","2026-05-08","Clay","1st Round","Baptiste H.","Waltert S.","Baptiste H.","25.0","91.0","6-7(9) 6-4 6-4"
"Rome","2026-05-08","Clay","1st Round","Pegula J.","Sonmez Z.","Pegula J.","5.0","65.0","6-4 6-0"
"Rome","2026-05-08","Clay","1st Round","Fernandez L.","Masarova R.","Masarova R.","23.0","160.0","4-6 6-4 6-4"
"Rome","2026-05-08","Clay","1st Round","Keys M.","Stearns P.","Keys M.","19.0","49.0","4-6 6-4 6-2"
"Rome","2026-05-08","Clay","1st Round","Rybakina E.","Sakkari M.","Rybakina E.","2.0","47.0","6-4 6-1"
"Rome","2026-05-08","Clay","1st Round","Alexandrova E.","Siegemund L.","Siegemund L.","14.0","46.0","6-4 6-7(4) 6-1"
"Rome","2026-05-08","Clay","1st Round","Caterina Grant T.","Bartunkova N.","Bartunkova N.","234.0","94.0","4-6 6-3 6-4"
"Rome","2026-05-08","Clay","1st Round","Cristian J.","Pliskova K.","Pliskova K.","28.0","130.0","6-7(5) 7-6(2) 6-4"
"Rome","2026-05-08","Clay","1st Round","Muchova K.","Potapova A.","Potapova A.","11.0","38.0","6-3 6-2"
"Rome","2026-05-08","Clay","1st Round","Lys E.","Osaka N.","Osaka N.","80.0","16.0","6-4 4-6 6-3"
"Rome","2026-05-08","Clay","1st Round","Navarro E.","Cocciaretto E.","Cocciaretto E.","35.0","41.0","6-3 6-3"
"Rome","2026-05-08","Clay","1st Round","Li A.","Samsonova L.","Samsonova L.","29.0","21.0","6-4 6-3"
"Rome","2026-05-08","Clay","1st Round","Gibson T.","Shnaider D.","Shnaider D.","62.0","20.0","5-7 6-1 6-1"
"Rome","2026-05-08","Clay","1st Round","Swiatek I.","Mcnally C.","Swiatek I.","3.0","63.0","6-1 6-7(5) 6-3"
"Rome","2026-05-08","Clay","1st Round","Wang X.","Eala A.","Eala A.","33.0","42.0","6-4 6-3"
"Rome","2026-05-07","Clay","1st Round","Cirstea S.","Maria T.","Cirstea S.","27.0","54.0","6-2 6-0"
"Rome","2026-05-07","Clay","1st Round","Tauson C.","Oliynykova O.","Oliynykova O.","18.0","68.0","1-6 1-3"
"Rome","2026-05-07","Clay","1st Round","Noskova L.","Zakharova A.","Noskova L.","13.0","81.0","6-4 6-1"
"Rome","2026-05-07","Clay","1st Round","Joint M.","Golubic V.","Golubic V.","34.0","90.0","7-5 6-2"
"Rome","2026-05-07","Clay","1st Round","Ostapenko J.","Ruse E.","Ostapenko J.","36.0","67.0","2-6 6-2 6-3"
"Rome","2026-05-07","Clay","1st Round","Kalinskaya A.","Siniakova K.","Kalinskaya A.","24.0","39.0","4-6 7-6(4) 7-5"
"Rome","2026-05-07","Clay","1st Round","Bouzkova M.","Townsend T.","Townsend T.","26.0","96.0","6-3 7-5"
"Rome","2026-05-07","Clay","1st Round","Kessler M.","Jovic I.","Jovic I.","50.0","17.0","7-6(5) 7-6(4)"
"Rome","2026-05-07","Clay","1st Round","Kalinina A.","Sierra S.","Sierra S.","93.0","72.0","6-2 6-3"
"Rome","2026-05-07","Clay","1st Round","Andreescu B.","Bencic B.","Bencic B.","137.0","12.0","6-4 6-1"
"Rome","2026-05-07","Clay","1st Round","Gauff C.","Valentova T.","Gauff C.","4.0","48.0","6-3 6-4"
"Rome","2026-05-07","Clay","1st Round","Sabalenka A.","Krejcikova B.","Sabalenka A.","1.0","53.0","6-2 6-3"
"Rome","2026-05-07","Clay","1st Round","Bucsa C.","Zheng Q.","Zheng Q.","31.0","32.0","7-6(6) 6-2"
"Rome","2026-05-07","Clay","1st Round","Udvardy P.","Mertens E.","Mertens E.","71.0","22.0","6-4 6-2"
"Rome","2026-05-07","Clay","1st Round","Jeanjean L.","Paolini J.","Paolini J.","127.0","8.0","6-7(4) 6-2 6-4"
"Rome","2026-05-07","Clay","1st Round","Ruzic A.","Andreeva M.","Andreeva M.","59.0","7.0","6-1 6-0"
"Rome","2026-05-06","Clay","1st Round","Haddad Maia B.","Jeanjean L.","Jeanjean L.","78.0","127.0","7-6(6) 6-4"
"Rome","2026-05-06","Clay","1st Round","Kasatkina D.","Mcnally C.","Mcnally C.","66.0","63.0","6-2 6-3"
"Rome","2026-05-06","Clay","1st Round","Selekhmeteva O.","Masarova R.","Masarova R.","84.0","160.0","7-5 5-7 6-1"
"Rome","2026-05-06","Clay","1st Round","Bouzas Maneiro J.","Pliskova K.","Pliskova K.","51.0","130.0","4-6 6-3 7-5"
"Rome","2026-05-06","Clay","1st Round","Siegemund L.","Bejlek S.","Siegemund L.","46.0","37.0","6-4 6-4"
"Rome","2026-05-06","Clay","1st Round","Boulter K.","Lys E.","Lys E.","60.0","80.0","6-4 3-6 6-4"
"Rome","2026-05-06","Clay","1st Round","Potapova A.","Galfi D.","Potapova A.","38.0","119.0","5-7 6-2 6-4"
"Rome","2026-05-06","Clay","1st Round","Tomljanovic A.","Basiletti N.","Basiletti N.","88.0","427.0","7-5 6-4"
"Rome","2026-05-06","Clay","1st Round","Starodubtseva Y.","Waltert S.","Waltert S.","57.0","91.0","7-5 4-6 6-1"
"Rome","2026-05-06","Clay","1st Round","Putintseva Y.","Valentova T.","Valentova T.","77.0","48.0","6-3 6-2"
"Rome","2026-05-06","Clay","1st Round","Urgesi F.","Golubic V.","Golubic V.","410.0","90.0","6-1 6-1"
"Rome","2026-05-06","Clay","1st Round","Boisson L.","Siniakova K.","Siniakova K.","43.0","39.0","6-2 6-3"
"Rome","2026-05-06","Clay","1st Round","Korpatsch T.","Sierra S.","Sierra S.","87.0","72.0","6-3 6-1"
"Rome","2026-05-06","Clay","1st Round","Tjen J.","Stearns P.","Stearns P.","40.0","49.0","6-4 6-4"
"Rome","2026-05-06","Clay","1st Round","Pigato L.","Caterina Grant T.","Caterina Grant T.","141.0","234.0","1-6 6-2 6-4"
"Rome","2026-05-06","Clay","1st Round","Townsend T.","Brancaccio N.","Townsend T.","96.0","171.0","6-3 6-2"
"Rome","2026-05-06","Clay","1st Round","Kraus S.","Cocciaretto E.","Cocciaretto E.","103.0","41.0","6-2 6-4"
"Rome","2026-05-06","Clay","1st Round","Tagger L.","Sakkari M.","Sakkari M.","92.0","47.0","5-7 6-3 6-0"
"Rome","2026-05-06","Clay","1st Round","Linette M.","Maria T.","Maria T.","55.0","54.0","6-0 6-3"
"Rome","2026-05-06","Clay","1st Round","Stefanini L.","Ostapenko J.","Ostapenko J.","154.0","36.0","6-0 6-1"
"Rome","2026-05-06","Clay","1st Round","Korneeva A.","Udvardy P.","Udvardy P.","122.0","71.0","6-2 7-6(2)"
"Rome","2026-05-06","Clay","1st Round","Frech M.","Eala A.","Eala A.","45.0","42.0","6-0 3-6 6-4"
"Rome","2026-05-05","Clay","1st Round","Zhang S.","Li A.","Li A.","73.0","29.0","1-6 6-4 6-2"
"Rome","2026-05-05","Clay","1st Round","Ruggeri J.","Sonmez Z.","Sonmez Z.","265.0","65.0","4-6 6-2 6-2"
"Rome","2026-05-05","Clay","1st Round","Yastremska D.","Zakharova A.","Zakharova A.","52.0","81.0","4-6 7-5 7-6(6)"
"Rome","2026-05-05","Clay","1st Round","Rakhimova K.","Ruzic A.","Ruzic A.","76.0","59.0","6-4 1-6 6-3"
"Rome","2026-05-05","Clay","1st Round","Bronzetti L.","Kessler M.","Kessler M.","173.0","50.0","6-3 5-7 6-4"
"Rome","2026-05-05","Clay","1st Round","Trevisan M.","Gibson T.","Gibson T.","481.0","62.0","6-4 0-6 6-3"
"Rome","2026-05-05","Clay","1st Round","Kenin S.","Andreescu B.","Andreescu B.","74.0","137.0","6-4 7-5"
"Rome","2026-05-05","Clay","1st Round","Bondar A.","Zheng Q.","Zheng Q.","58.0","32.0","3-6 6-3 6-4"
"Rome","2026-05-05","Clay","1st Round","Jacquemot E.","Krejcikova B.","Krejcikova B.","64.0","53.0","6-2 6-4"
"Rome","2026-05-05","Clay","1st Round","Marcinko P.","Oliynykova O.","Oliynykova O.","69.0","68.0","6-1 6-3"
"Rome","2026-05-03","Clay","1st Round","Korneeva A.","Udvardy P.","Udvardy P.","122.0","71.0","6-2 7-6(2)"
"Rome","2026-05-03","Clay","1st Round","Frech M.","Eala A.","Eala A.","45.0","42.0","6-0 3-6 6-4"
